Latitude,Longitude,Land Surface Temperature,Land Cover Type,Population Density,Albedo,Green Cover Percentage,Relative Humidity,Wind Speed,Surface Material,Solar Radiation,Nighttime Surface Temperature,Building Height,Road Density,Proximity to Water Body,Urban Vegetation Index,Heat Stress Index,Carbon Emission Levels,Cooling Measures Present,Zone,Assigned Zone,Distance from Previous Point
19.0594845,72.84477154,37.3,Urban,48953,0.19,19,90,4.5,Concrete,896,30.8,21,4.1,4484,0.84,41.8,475.37,Water Features,Central Mumbai,Bandra,0
19.12628955,72.8376092,38.6,Urban,31027,0.13,86,90,3,Water,498.2,30.8,37,8.4,1612,0.59,44.6,409.18,Water Features,Central Mumbai,Andheri,7433.175893
19.05527649,72.83010894,32.2,Water,16701,0.26,0,77,3.6,Soil,502.4,24.8,0,0,74,0,36.3,0,Rooftop Garden,Eastern Suburbs,Bandra,7900.186684
19.05916745,72.82259325,40.4,Urban,15125,0.11,38,63,1,Soil,709.4,33,4,12.9,300,0.52,45.7,467.03,None,Western Suburbs,Bandra,900.7204468
19.0617353,72.84243411,37.8,Urban,12860,0.13,65,78,2.1,Water,873.5,30.2,38,11.4,1620,0.87,43.5,486.55,Rooftop Garden,Western Suburbs,Bandra,2107.583904
19.224461,72.9778152,35,Water,31188,0.25,0,80,1.3,Asphalt,536.8,28.4,0,0,1659,0,41.7,0,None,Western Suburbs,Thane,22963.04982
19.12632891,72.84008355,27.2,Urban,39742,0.17,34,50,1.4,Grass,573.2,20.8,7,8.8,913,0.6,30.8,367.61,Rooftop Garden,Western Suburbs,Andheri,18107.01233
19.12001157,72.84570854,43.6,Urban,13734,0.05,61,70,2.3,Water,929.7,38.3,28,9.3,1792,0.27,48.3,568.83,Rooftop Garden,Eastern Suburbs,Andheri,916.1143768
19.05449285,72.82459136,40.5,Urban,38471,0.22,40,54,4.3,Soil,779.4,31.7,26,5.6,1366,0.79,41.6,308.06,Water Features,Western Suburbs,Bandra,7585.314355
18.91259168,72.81748567,29.6,Urban,35958,0.2,36,54,2.8,Grass,840.9,22.3,9,7.3,3818,0.45,32.2,218.3,Reflective Paint,Central Mumbai,Colaba,15725.11933
19.11304772,72.92390316,42.5,Urban,36026,0.29,75,69,4.6,Soil,677.2,34.7,10,4.7,2766,0.13,44.8,568.48,Reflective Paint,Navi Mumbai,Powai,24857.1731
19.22760744,72.96261933,30.1,Urban,9679,0.2,65,54,2.6,Soil,445.6,23.1,36,11,4772,0.01,32.9,471.14,None,Eastern Suburbs,Thane,13318.92917
18.90975547,72.81318743,30,Vegetation,17415,0.21,2,59,2.9,Grass,746.3,21.2,0,0,2980,0.5,33,0,None,Eastern Suburbs,Colaba,38539.13058
19.06314669,72.834041,42.6,Bare Soil,21181,0.2,96,59,1.3,Grass,978.3,33.1,0,0,3489,0.02,47.2,0,Rooftop Garden,Eastern Suburbs,Bandra,17120.5737
19.23864932,72.85439094,26.5,Urban,17416,0.12,28,89,4.7,Grass,874.1,18.4,28,4,584,0.26,30.7,375.95,Reflective Paint,South Mumbai,Borivali,19544.66002
19.11623189,72.9057529,30.7,Urban,11114,0.06,55,73,3.1,Asphalt,535.3,23.1,2,14.5,2524,0.47,34.9,209.45,None,Navi Mumbai,Powai,14588.04748
18.90743441,72.81508723,33.5,Urban,43119,0.16,97,67,4.6,Soil,487.4,27.2,23,14.2,1706,0.08,35.6,561.5,Rooftop Garden,Central Mumbai,Colaba,25005.92909
19.1176621,72.92808867,30.2,Water,21032,0.23,0,71,2.1,Asphalt,283,21.2,0,0,2802,0,35.2,0,Water Features,South Mumbai,Powai,26135.49141
19.12317869,72.92562151,37.6,Vegetation,31508,0.11,39,59,2.1,Concrete,346.5,32.2,0,0,4782,0.88,41.4,0,Rooftop Garden,Central Mumbai,Powai,663.5357744
19.11703361,72.92909857,44.1,Urban,47732,0.26,50,54,1.2,Asphalt,855.4,37.8,12,4.1,4703,0.14,48.3,274.27,Reflective Paint,South Mumbai,Powai,772.360867
19.11058857,72.83678244,42.3,Vegetation,32063,0.13,58,72,2.6,Concrete,995.2,32.6,0,0,3780,0.84,46.9,0,Reflective Paint,Central Mumbai,Andheri,9739.687817
19.24632601,72.86601471,43.1,Urban,8682,0.26,4,58,4,Grass,796.5,34.2,24,4,1685,0.13,44.9,509.83,Rooftop Garden,Central Mumbai,Borivali,15336.70215
19.23736108,72.85521147,32.3,Urban,9217,0.29,97,75,4.2,Grass,691.1,23.5,30,3.5,2310,0.07,35.6,247.55,Reflective Paint,Central Mumbai,Borivali,1508.290318
19.06382682,72.82352588,27.2,Urban,9388,0.06,99,56,4.2,Asphalt,450.9,20.3,38,4.1,1287,0.5,28.6,454.54,Water Features,Central Mumbai,Bandra,19496.23082
19.253543,72.85010372,38.4,Water,38912,0.07,0,87,2.8,Grass,473.5,28.7,0,0,3521,0,44.3,0,Rooftop Garden,South Mumbai,Borivali,21185.72033
19.18684127,73.0139728,30.8,Urban,4371,0.17,58,77,1.4,Grass,331.2,23.5,47,8,3569,0.11,37.1,345.91,Water Features,Navi Mumbai,Thane,18746.56122
19.11575738,72.917007,25.6,Urban,9003,0.21,14,63,3.6,Soil,546.8,16.9,39,10.8,507,0.77,28.3,300.6,Reflective Paint,South Mumbai,Powai,12882.68233
19.20747782,72.99599107,34.3,Urban,5213,0.3,13,67,4.8,Water,575.2,29.1,45,11.2,1935,0.36,36.2,564.84,Reflective Paint,Navi Mumbai,Thane,13119.0614
19.23758152,72.86293261,27.1,Urban,4054,0.2,22,82,3.7,Asphalt,987,19.9,44,7.3,1176,0.13,31.6,589.68,None,Navi Mumbai,Borivali,14382.62163
19.06051286,72.83152467,44.7,Urban,10927,0.06,80,83,4.2,Concrete,887.8,35,27,6.5,4603,0.75,48.8,359.16,None,Navi Mumbai,Bandra,19876.94466
19.25267817,72.86058266,36.3,Urban,26867,0.18,21,82,1.2,Soil,534.1,31,47,4.4,2516,0.59,43.3,550.75,None,South Mumbai,Borivali,21490.03744
19.11033962,72.86027539,36,Bare Soil,23810,0.15,13,82,2.4,Soil,726.5,29.9,0,0,80,0.63,41.8,0,Reflective Paint,Navi Mumbai,Andheri,15756.09235
19.13449709,72.86234265,25.3,Vegetation,20914,0.06,61,85,5,Soil,717.2,16.4,0,0,4982,0.07,28.8,0,Rooftop Garden,Navi Mumbai,Andheri,2682.906824
18.90933633,72.81182142,28.2,Water,20836,0.18,0,82,3.4,Asphalt,417.3,22.6,0,0,4443,0,33,0,None,Western Suburbs,Colaba,25484.77513
18.90619291,72.81664251,39,Urban,30699,0.3,30,59,2.6,Water,685,31.3,10,14.3,3814,0.94,42.3,302.94,None,Eastern Suburbs,Colaba,615.6558884
19.11762096,72.85432094,44.5,Vegetation,28036,0.12,21,64,1.1,Grass,565.5,38.3,0,0,2101,0.73,49.8,0,None,Eastern Suburbs,Andheri,23737.2633
18.91251892,72.81424635,40.9,Urban,14110,0.07,86,78,4.1,Concrete,238.2,35.1,37,12.4,4995,0.88,44.6,463.05,Water Features,South Mumbai,Colaba,23091.92118
19.05764474,72.84483896,37.7,Bare Soil,2578,0.08,23,83,3.5,Asphalt,635,27.9,0,0,1861,0.83,42.5,0,Rooftop Garden,Western Suburbs,Bandra,16384.07328
19.23233894,73.01281439,37.3,Bare Soil,37426,0.12,43,63,4.4,Concrete,900.5,29.5,0,0,4295,0.98,39.2,0,Reflective Paint,South Mumbai,Thane,26195.58674
18.91112048,72.80647465,34.2,Bare Soil,37173,0.13,34,75,2.9,Water,769.3,27.9,0,0,3850,0.9,38.8,0,Water Features,Central Mumbai,Colaba,41663.91358
19.25108083,72.84850087,41,Urban,25118,0.18,87,67,2,Water,273.8,32.3,48,0.2,4318,0.17,45.7,532.24,Reflective Paint,South Mumbai,Borivali,37890.26891
19.23002051,72.9678941,32.2,Urban,44919,0.28,97,82,4,Soil,612.2,24.3,17,2.3,4209,0.43,36.4,491.21,Water Features,Navi Mumbai,Thane,12767.61902
19.13974415,72.85935847,33.1,Urban,26357,0.3,39,90,1.9,Concrete,290.6,23.5,12,14.8,4175,0.41,40.2,571.65,Reflective Paint,Western Suburbs,Andheri,15171.34066
19.11211932,72.924045,28.6,Urban,45339,0.13,22,83,2.5,Asphalt,654.7,20.4,26,11,796,0.53,34.4,409.73,Rooftop Garden,Navi Mumbai,Powai,7461.239124
19.23577553,72.86562894,38,Urban,25702,0.23,83,85,1.3,Concrete,887,29.3,9,6.2,1008,0.13,45.2,402.31,Reflective Paint,Central Mumbai,Borivali,15003.81955
18.90881745,72.80757904,38,Urban,32145,0.09,41,65,1.3,Grass,794.8,29.7,17,8.9,3669,0.43,43.2,294.31,Reflective Paint,Central Mumbai,Colaba,36704.00124
19.1100891,72.86104969,29.6,Urban,48398,0.23,32,50,3.1,Water,326.9,23.4,33,14.6,1776,0.68,31.5,218.17,None,Navi Mumbai,Andheri,22979.47627
19.21368686,73.01078473,28.3,Urban,26078,0.22,61,78,2.7,Soil,985.7,18.5,44,6.6,3340,0.34,33.4,292.87,Reflective Paint,Central Mumbai,Thane,19483.02167
19.21363046,73.00198859,39.4,Vegetation,1913,0.24,14,74,2.5,Soil,424.6,30.5,0,0,1068,0.38,44.3,0,Water Features,Western Suburbs,Thane,924.9953006
18.91249239,72.81422494,33.4,Urban,4132,0.28,9,58,2.8,Concrete,331.6,23.7,25,6.2,1884,0.47,36.4,351.94,Rooftop Garden,South Mumbai,Colaba,38751.78806
19.2427225,72.86462102,41.8,Urban,20627,0.14,48,62,1.3,Grass,361.1,32.9,22,6.4,3457,0.31,46.7,443.95,Water Features,Central Mumbai,Borivali,36936.93758
18.92012752,72.81448242,37.8,Urban,27707,0.28,53,59,2.8,Water,791.5,29.3,27,2.6,2056,0.04,40.9,491.45,Reflective Paint,Eastern Suburbs,Colaba,36096.76994
19.12330088,72.92255748,38.2,Bare Soil,46330,0.1,12,52,1.1,Asphalt,595,29.6,0,0,2732,0.05,42.3,0,Water Features,Navi Mumbai,Powai,25204.08608
19.05152441,72.83074708,25.6,Urban,4510,0.23,78,79,1.5,Asphalt,715.6,18.2,46,1.5,3930,0.36,32,221.11,Reflective Paint,Western Suburbs,Bandra,12509.06819
19.11581772,72.92106771,39,Urban,19865,0.24,95,62,3.2,Water,772.6,31.9,12,7.2,4916,0.38,42,577.01,None,Central Mumbai,Powai,11874.31975
19.12086768,72.91265558,37.6,Urban,42487,0.18,45,78,4.5,Asphalt,396.3,32,16,11.8,3691,0.09,40.9,335.45,Rooftop Garden,South Mumbai,Powai,1046.845608
19.06260547,72.84442351,27.7,Urban,19534,0.07,62,82,2.9,Water,637.6,19.4,34,3.3,811,0.25,33,383.36,Water Features,Central Mumbai,Bandra,9651.420176
19.21069561,72.98279127,33.5,Urban,13370,0.22,9,74,2.4,Grass,813.5,27.3,46,0.7,2948,0.16,38.5,285.73,None,Western Suburbs,Thane,21923.21653
19.11254213,72.85217778,44.8,Urban,41745,0.27,99,69,2,Soil,910.9,35.2,29,14.6,4922,0.4,49.7,393.61,Reflective Paint,Western Suburbs,Andheri,17516.12026
19.13696261,72.84580631,30.7,Urban,6016,0.14,25,57,1.9,Grass,345.9,25.2,17,14.7,1539,0.54,34.5,306.92,Water Features,Navi Mumbai,Andheri,2785.071332
19.12415152,72.92659596,40.2,Urban,40378,0.08,78,66,4.3,Soil,628.7,32.3,29,7.1,51,0.11,42.5,517.38,Reflective Paint,Navi Mumbai,Powai,8617.333751
19.19991844,73.00885959,40.4,Vegetation,32970,0.13,99,75,4.2,Water,255.7,31.5,0,0,1320,0.9,43.7,0,Rooftop Garden,Western Suburbs,Thane,12050.73193
19.13525817,72.84781247,31,Vegetation,26019,0.18,98,79,1.1,Soil,612.2,25.3,0,0,2607,0.53,37.8,0,None,Navi Mumbai,Andheri,18389.9703
19.11042056,72.85532855,29.7,Urban,41065,0.13,56,70,1.4,Grass,446.9,22.6,38,8.7,125,0.14,35.3,214.42,Reflective Paint,Western Suburbs,Andheri,2860.83184
19.1192994,72.92045322,44.9,Urban,4593,0.14,94,81,2.2,Water,355.8,39.9,7,3.7,1046,0.69,50.8,497.44,Reflective Paint,South Mumbai,Powai,6922.512901
19.12729103,72.8470454,44,Urban,15596,0.26,7,57,2.6,Water,247.5,34.3,3,5.9,1026,0.45,47.1,302.35,Rooftop Garden,Navi Mumbai,Andheri,7774.041305
19.05115907,72.83143621,36.9,Vegetation,866,0.29,30,70,1.1,Soil,203.8,29.5,0,0,202,0.08,42.8,0,Reflective Paint,Navi Mumbai,Bandra,8585.884998
19.04674102,72.83899155,29.4,Urban,12195,0.25,32,57,4.2,Concrete,457.3,23.3,12,4.4,218,0.37,30.9,310.45,None,Western Suburbs,Bandra,933.6176805
18.91800324,72.80433304,27.5,Urban,43534,0.1,83,73,1.6,Asphalt,687.3,20.4,50,14,436,0.64,33.2,330.01,Rooftop Garden,Navi Mumbai,Colaba,14710.15987
18.91181235,72.81352755,30.9,Vegetation,38404,0.06,80,58,4.7,Asphalt,641.8,24.6,0,0,4466,0.48,32,0,None,Eastern Suburbs,Colaba,1186.502288
19.19848559,72.97263033,39.5,Vegetation,13101,0.2,80,52,1.7,Soil,963.1,32,0,0,4673,0.55,43,0,Rooftop Garden,Eastern Suburbs,Thane,35880.53345
18.90688281,72.81217701,32.7,Urban,33615,0.28,23,64,4.2,Concrete,548.9,27.3,9,2.1,348,0.75,34.9,538.89,Reflective Paint,Central Mumbai,Colaba,36429.80152
19.21622565,72.95384967,29.2,Vegetation,40214,0.28,67,53,2.3,Asphalt,426.7,21.5,0,0,4238,0.27,32.2,0,Rooftop Garden,Eastern Suburbs,Thane,37347.94201
19.13494888,72.86012523,41.5,Vegetation,46474,0.23,43,78,3.9,Asphalt,754,33,0,0,198,0.31,45.4,0,Reflective Paint,Navi Mumbai,Andheri,13346.32827
19.25053803,72.85572779,32.1,Urban,48079,0.08,97,76,4.5,Water,467.4,24.8,21,0.2,1596,0.04,35.2,563.59,None,Eastern Suburbs,Borivali,12803.42468
19.04642339,72.83000814,26,Vegetation,32038,0.19,80,87,4.7,Soil,906.1,17.8,0,0,3585,0.86,30,0,Reflective Paint,Eastern Suburbs,Bandra,22755.66017
19.12290553,72.92496405,25.3,Vegetation,42002,0.27,78,53,1.8,Concrete,643.4,20,0,0,4769,0.61,28.8,0,Reflective Paint,Navi Mumbai,Powai,13097.11975
19.12210531,72.91844532,26,Water,17538,0.16,0,58,4,Concrete,445.5,18.9,0,0,2634,0,27.8,0,None,Navi Mumbai,Powai,691.5629126
19.11790198,72.91892673,40,Water,2122,0.27,0,66,1.1,Concrete,810.6,30.5,0,0,2659,0,45.5,0,Water Features,Western Suburbs,Powai,468.0309529
19.1148996,72.90506187,27.6,Water,47226,0.24,0,84,2.9,Water,931.5,18,0,0,2707,0,33.1,0,Reflective Paint,Eastern Suburbs,Powai,1496.218841
19.11947492,72.85364271,43.6,Urban,45265,0.24,11,81,1,Asphalt,431.9,37.4,44,14,1826,0.67,50.7,380.62,Water Features,South Mumbai,Andheri,5433.878318
18.90577903,72.81122692,40.2,Urban,46445,0.29,89,84,3.4,Soil,775.1,33.6,25,14.1,723,0.41,45.2,299.17,Rooftop Garden,Central Mumbai,Colaba,24072.32028
19.05243318,72.82488581,39.6,Urban,7368,0.14,54,60,3.8,Water,359.8,31.2,45,6.7,3005,0.2,41.8,576.67,None,South Mumbai,Bandra,16297.01297
19.11338833,72.86227979,27.2,Urban,20587,0.3,77,64,4.1,Grass,315,18.5,5,9.5,1982,0.4,29.5,377.66,Rooftop Garden,South Mumbai,Andheri,7811.086424
19.2456469,72.85009118,39.9,Urban,12912,0.28,68,79,2.7,Soil,279.6,34.6,36,10.8,140,0.7,45.1,565.97,None,Central Mumbai,Borivali,14696.28128
19.21215783,72.95529375,37.5,Urban,36310,0.24,42,60,2,Concrete,968.2,28.3,18,12.2,1465,0.49,41.5,286.63,Water Features,Navi Mumbai,Thane,11666.39533
19.21914238,72.974981,34.3,Urban,5414,0.1,75,89,3.2,Concrete,488.8,26.6,0,8,4106,0.46,40,268.17,Rooftop Garden,Navi Mumbai,Thane,2209.886786
19.2127907,72.96433763,43.3,Bare Soil,34674,0.09,98,76,4.7,Grass,606.1,37.7,0,0,4745,0.58,46.2,0,None,Navi Mumbai,Thane,1321.730747
19.11971963,72.83901413,33.5,Urban,39069,0.26,31,66,3.2,Water,384.9,23.9,14,1.7,447,0.94,36.9,400,Rooftop Garden,Central Mumbai,Andheri,16730.67397
19.1204467,72.85690842,40.3,Bare Soil,38777,0.27,1,82,1.1,Water,382.2,32.1,0,0,3327,0.9,47.4,0,Water Features,Eastern Suburbs,Andheri,1884.489172
19.11344164,72.8379159,34,Water,28179,0.22,0,86,4.6,Soil,775.3,27.7,0,0,4410,0,38,0,None,Central Mumbai,Andheri,2143.52591
19.23928223,72.8604091,38.3,Vegetation,23972,0.27,82,70,3,Grass,349.1,28.6,0,0,3953,0.62,42.3,0,Reflective Paint,Navi Mumbai,Borivali,14129.30203
19.11264061,72.91018119,37.2,Urban,13329,0.26,94,67,1.1,Water,472.2,29.9,8,6.7,4288,0.88,42.8,358.19,None,Eastern Suburbs,Powai,14964.09164
19.05803764,72.8311229,42.8,Vegetation,18151,0.2,99,57,2,Soil,201.6,36.5,0,0,4021,0.2,46.5,0,Water Features,Central Mumbai,Bandra,10283.6588
19.25148656,72.85623506,43.5,Bare Soil,25908,0.09,68,83,3.7,Concrete,547.5,34.7,0,0,2684,0.53,48.1,0,Water Features,South Mumbai,Borivali,21575.94666
19.24644371,72.85780323,29.9,Bare Soil,3929,0.16,63,77,2.2,Grass,719.9,21.5,0,0,78,0.82,35.4,0,Water Features,Central Mumbai,Borivali,582.0560718
19.24157656,72.85389292,35.1,Urban,20458,0.1,9,73,3.4,Soil,477.5,25.6,28,4.3,2135,0.57,39,236.89,Reflective Paint,South Mumbai,Borivali,677.7114994
18.91512841,72.81082267,32.5,Urban,32780,0.3,60,69,1.6,Concrete,771.8,26.4,38,13.3,4406,0.86,37.8,287.09,None,Central Mumbai,Colaba,36418.71568
19.21416616,72.97622355,28.3,Bare Soil,18075,0.23,29,59,3.3,Asphalt,816.2,23.1,0,0,3949,0.86,30.9,0,Water Features,South Mumbai,Thane,37399.98599
19.12499474,72.90842456,30.5,Urban,31906,0.28,10,54,2.2,Grass,668.2,21.2,44,4.4,4278,0.16,33.7,376.1,Water Features,Central Mumbai,Powai,12177.39551
19.24149846,72.86306238,37.6,Urban,16178,0.14,7,66,2.4,Asphalt,282.1,29.5,9,9.7,2461,0.01,41.8,274.49,None,South Mumbai,Borivali,13750.52904
19.23951632,72.86363734,32.7,Urban,47735,0.07,17,78,4.1,Concrete,631.1,23.6,11,11.8,3797,0.65,36.4,480.3,Reflective Paint,Navi Mumbai,Borivali,227.5888005
19.0491241,72.82090377,35.1,Urban,23752,0.12,68,80,4,Grass,938.6,29.7,7,6.8,2206,0.08,39.1,567.39,None,Western Suburbs,Bandra,21549.38868
19.22519441,72.96897698,35.2,Urban,23269,0.12,39,81,3.6,Water,658.4,25.7,5,14.5,623,0.62,39.7,477.96,Rooftop Garden,Central Mumbai,Thane,24950.59981
19.06319325,72.84378619,25.2,Vegetation,44692,0.14,30,87,1.3,Soil,384.9,19.9,0,0,3279,0.57,32.6,0,Water Features,Central Mumbai,Bandra,22249.25279
19.19132921,72.95863997,42.7,Urban,35064,0.29,91,72,3.7,Asphalt,689.3,36.6,38,13.1,1295,0.72,46.2,328.25,Water Features,Central Mumbai,Thane,18633.38632
19.25283461,72.85841823,37.7,Vegetation,36977,0.16,93,88,4.1,Concrete,426.5,29.2,0,0,325,0.27,42.4,0,Rooftop Garden,Eastern Suburbs,Borivali,12546.41877
19.12282968,72.91740135,37,Urban,8970,0.15,50,81,3.9,Water,919,29.3,8,7.4,930,0.47,41.2,368.74,Reflective Paint,Eastern Suburbs,Powai,15670.93232
19.1395204,72.86399566,26.3,Urban,48304,0.13,48,58,4.8,Concrete,723.5,18.4,44,6.4,3937,0.45,27.3,275.71,Water Features,South Mumbai,Andheri,5914.732361
19.11083522,72.84745692,44,Urban,9978,0.1,1,52,4.8,Soil,628,38.2,35,10.3,2766,0.74,44.4,574.04,None,Western Suburbs,Andheri,3620.803641
19.11453228,72.90582414,43.7,Vegetation,33449,0.15,2,51,3.2,Asphalt,542.7,36.3,0,0,3645,0.29,45.6,0,Water Features,Central Mumbai,Powai,6155.073826
19.24685994,72.84882443,34.2,Urban,19717,0.14,32,57,2,Water,628.5,27.5,45,0.4,1431,0.48,37.9,531.53,Rooftop Garden,South Mumbai,Borivali,15827.27191
19.05518756,72.84357624,26.5,Urban,28658,0.14,72,70,4.8,Water,646.6,17,5,1.7,4730,0.01,28.7,564.3,Reflective Paint,Navi Mumbai,Bandra,21224.14156
19.1322902,72.85692285,35.4,Water,29218,0.16,0,90,3.4,Concrete,798,27.1,0,0,2831,0,41,0,None,Western Suburbs,Andheri,8649.530102
18.90502586,72.8122849,27.6,Urban,49972,0.25,73,73,1.6,Soil,407.1,18.6,32,4.1,678,0.37,33.3,435.14,None,Navi Mumbai,Colaba,25591.60502
19.04710709,72.83238136,26.5,Urban,15027,0.16,71,70,3.1,Grass,203.5,20.3,32,4.8,2887,0.76,30.4,400.72,None,South Mumbai,Bandra,15868.97357
19.24783922,72.86574056,30.1,Urban,24328,0.29,60,57,3.3,Concrete,992.1,23.3,30,2,2533,0.16,32.5,433.9,Reflective Paint,Navi Mumbai,Borivali,22495.23168
19.12451332,72.9215853,25,Urban,36094,0.22,13,78,3,Soil,866.4,17.3,23,1.2,3150,0.06,29.8,563.05,Rooftop Garden,Eastern Suburbs,Powai,14861.35844
19.11407704,72.84702613,43.7,Urban,35481,0.06,14,55,2.4,Concrete,366.2,34.1,1,10.7,4048,0.67,46.8,320.35,Reflective Paint,Navi Mumbai,Andheri,7929.47685
19.24479846,72.86373723,31.9,Urban,16560,0.13,54,59,1.4,Soil,521.9,24.8,28,3.9,65,0.4,36.4,383.14,Rooftop Garden,Central Mumbai,Borivali,14576.46446
19.13546313,72.85346461,44.1,Vegetation,12793,0.14,23,59,3.1,Asphalt,500,36.6,0,0,3929,0.35,46.9,0,Rooftop Garden,Western Suburbs,Andheri,12150.93062
19.25169014,72.8537633,42.9,Bare Soil,39913,0.17,47,81,4.5,Grass,753.8,34.4,0,0,235,0.97,46.5,0,Water Features,Eastern Suburbs,Borivali,12865.71694
19.23297506,73.01013528,29.9,Urban,35375,0.11,72,51,2.7,Asphalt,839.5,24.2,16,14.2,1729,0.55,32.3,365.1,Reflective Paint,Eastern Suburbs,Thane,16570.74678
19.05666141,72.82119184,32.1,Urban,40395,0.13,93,76,2,Water,978.8,24.3,34,13.9,1300,0.1,37.7,386.54,Reflective Paint,Central Mumbai,Bandra,27856.7718
19.18621116,72.9676878,26.9,Urban,11596,0.24,68,78,3.1,Grass,447.5,17.5,12,15,1667,0.47,31.6,209.32,Reflective Paint,Western Suburbs,Thane,21052.89985
18.91727658,72.80274551,28.1,Water,3400,0.13,0,73,2.5,Concrete,959.2,22.6,0,0,2715,0,32.9,0,None,Western Suburbs,Colaba,34461.97561
19.22822034,72.99523752,25.6,Urban,7882,0.17,29,70,2.8,Soil,925.8,18.8,46,9.6,2161,0.26,29.8,496.89,Water Features,Eastern Suburbs,Thane,39938.88328
19.20572428,72.96301111,28.5,Vegetation,28395,0.21,84,59,4.2,Water,764.6,22.6,0,0,402,0.65,30.2,0,Water Features,Western Suburbs,Thane,4205.326589
19.11514816,72.86046071,42,Vegetation,46859,0.09,22,63,4.1,Asphalt,489.4,35.3,0,0,906,0.86,44.2,0,Rooftop Garden,South Mumbai,Andheri,14727.25877
19.25072091,72.86586891,27.2,Urban,37093,0.2,23,89,4.1,Concrete,275.3,19.2,38,6.7,4626,0.2,32,321.2,Rooftop Garden,South Mumbai,Borivali,15017.90201
18.91230321,72.80676702,38,Urban,47321,0.26,17,60,1,Grass,770.2,32.3,50,7.4,4171,0.31,43,323.88,Reflective Paint,Eastern Suburbs,Colaba,37973.35003
18.91079533,72.80471853,40.8,Urban,30860,0.28,71,59,2.7,Grass,425.4,33.4,42,8.5,2062,0.06,44,260.96,Water Features,Navi Mumbai,Colaba,272.8176927
19.04625232,72.84024877,43.2,Urban,19888,0.25,6,84,1.3,Water,645,34.2,37,0.5,2932,0.82,50.3,529.6,Rooftop Garden,Eastern Suburbs,Bandra,15453.75222
19.05026888,72.84202466,25.6,Bare Soil,30326,0.23,3,82,4.4,Concrete,252.1,20,0,0,1522,0.2,29.4,0,Reflective Paint,Central Mumbai,Bandra,482.303594
19.22633469,72.9587645,35.7,Urban,32313,0.07,37,87,1.8,Asphalt,292.6,29.2,3,6.9,2579,0.08,42.6,533.94,Reflective Paint,Western Suburbs,Thane,23036.34153
19.11533875,72.9100739,45,Vegetation,9983,0.29,97,81,1.5,Grass,288.5,39.7,0,0,3570,0.9,51.6,0,Reflective Paint,Navi Mumbai,Powai,13311.27294
18.91319161,72.81090054,31.8,Urban,10877,0.26,12,81,4.2,Grass,407,22.7,42,14.1,2188,0.01,35.7,562.65,Reflective Paint,South Mumbai,Colaba,24692.322
19.11546492,72.91084069,33.3,Urban,22970,0.1,31,61,1.6,Soil,565.1,27.1,47,7.3,2174,0.63,37.8,529.62,Reflective Paint,Eastern Suburbs,Powai,24739.20463
19.19601372,72.98206138,37,Urban,4512,0.16,47,64,1.9,Water,834,29.4,11,12.8,1732,0.27,41.5,554.79,Water Features,Western Suburbs,Thane,11645.99931
19.18740641,72.95842457,26,Urban,8744,0.07,12,87,4.6,Water,737.8,19.2,38,9.7,1267,0.3,30.1,570.98,Rooftop Garden,Eastern Suburbs,Thane,2662.236266
18.91789498,72.80337175,34.6,Vegetation,12552,0.16,55,82,2,Water,595,29.4,0,0,1588,0.22,40.8,0,Reflective Paint,Central Mumbai,Colaba,34005.42342
19.06360661,72.83680035,29.5,Urban,36232,0.12,78,78,4.4,Soil,740.1,21.2,16,1.5,4849,0.03,32.9,554.5,Water Features,Navi Mumbai,Bandra,16508.73006
18.91307015,72.81283865,27.2,Urban,47493,0.05,99,85,2.6,Soil,464.3,20.2,3,1,3371,0,33.1,496.87,Rooftop Garden,Western Suburbs,Colaba,16853.11748
19.11700557,72.91308987,25.6,Vegetation,38173,0.18,58,83,1.2,Water,226.2,20,0,0,2203,0.38,32.7,0,None,Central Mumbai,Powai,24919.67568
19.25361663,72.85299618,40.5,Bare Soil,47544,0.16,29,87,1.7,Soil,968.6,32,0,0,1964,0.59,47.5,0,Rooftop Garden,Western Suburbs,Borivali,16389.74171
18.91900598,72.80211376,36.1,Urban,43786,0.17,26,90,2.8,Water,513.5,27.6,41,12.3,246,0.95,42.3,418.98,None,Central Mumbai,Colaba,37424.15697
19.13691082,72.8569377,44.5,Urban,44846,0.23,21,59,1.2,Soil,305.5,35,5,13.2,3299,0.83,49.2,441.39,Reflective Paint,Central Mumbai,Andheri,24801.31088
18.91536877,72.80512349,42.5,Water,37892,0.28,0,86,4.2,Asphalt,919.8,33.8,0,0,4497,0,46.9,0,Water Features,South Mumbai,Colaba,25122.35688
19.23637217,72.861696,26.5,Water,9200,0.29,0,58,2.8,Asphalt,558.3,16.7,0,0,4729,0,29.5,0,Reflective Paint,Western Suburbs,Borivali,36028.19205
19.21601431,73.00378004,27.1,Vegetation,22607,0.08,4,52,4.9,Water,550.2,21.5,0,0,3904,0.79,27.4,0,Rooftop Garden,Central Mumbai,Thane,15108.98401
18.90804371,72.80284076,25.7,Urban,22513,0.09,65,71,4.8,Grass,293.1,16.3,50,13.2,3690,0.23,28,360.41,Water Features,Central Mumbai,Colaba,40117.76206
18.9118073,72.81112541,26.7,Urban,39574,0.05,37,82,3.8,Water,227.1,19.4,16,9,1636,0.46,31.1,478.29,Rooftop Garden,Navi Mumbai,Colaba,967.1035441
19.20519176,72.94815849,35.5,Urban,7949,0.17,18,58,2.5,Grass,380,30.2,49,0.3,2715,0.5,38.8,213.43,Water Features,Central Mumbai,Thane,35534.42864
19.12352063,72.92240366,35.7,Urban,43454,0.1,96,72,3.3,Water,821.7,27.1,17,6,798,0.08,39.6,404.2,Reflective Paint,Eastern Suburbs,Powai,9437.69175
18.90702619,72.81769427,35.2,Urban,21459,0.29,60,74,3.5,Concrete,918.2,30,39,4.5,4210,0.57,39.1,412.98,Water Features,Central Mumbai,Colaba,26378.31022
19.24117567,72.85805092,41,Urban,12098,0.22,81,78,3.6,Grass,287.6,32.3,37,5.3,102,0.29,45.2,506.75,Rooftop Garden,Central Mumbai,Borivali,37231.05774
19.13018382,72.84037617,34.7,Urban,11139,0.28,97,51,2.7,Grass,237.5,28.8,47,7,3322,0.96,37.1,482.45,None,South Mumbai,Andheri,12425.99988
18.91692803,72.80828675,36.3,Vegetation,34749,0.24,17,50,4.5,Concrete,655.3,27,0,0,2426,0.46,36.8,0,Reflective Paint,Navi Mumbai,Colaba,23846.29702
19.11002454,72.83533669,29.1,Urban,36939,0.22,96,60,3,Grass,303.8,19.7,47,3.9,4099,0.47,32.1,355.82,Water Features,Central Mumbai,Andheri,21563.17657
19.11422891,72.92187437,33.4,Urban,32519,0.24,58,74,1.5,Concrete,241.1,28.4,7,0.9,4441,0.68,39.3,456.97,Reflective Paint,Central Mumbai,Powai,9117.491678
19.1866836,72.9607003,44.5,Urban,10294,0.13,5,50,1.3,Water,703.6,38.5,1,5.5,3331,0.3,48.2,474.71,Rooftop Garden,Eastern Suburbs,Thane,9000.397256
18.91911784,72.81143409,28.8,Water,43053,0.16,0,81,2.8,Grass,909.9,23.7,0,0,4129,0,34.1,0,Rooftop Garden,Eastern Suburbs,Colaba,33526.90912
19.24937211,72.85282989,30.3,Urban,13353,0.25,86,89,2.6,Grass,272.1,20.7,49,7.5,2849,0.26,36.6,275.17,Water Features,Eastern Suburbs,Borivali,36815.52444
19.04883043,72.82731709,28.2,Urban,34180,0.21,86,61,1.1,Concrete,720.4,21.1,30,5.5,793,0.77,33.2,538.15,Water Features,Eastern Suburbs,Bandra,22360.3893
19.11363495,72.85743104,42.4,Urban,20543,0.15,49,80,2.5,Grass,307.9,34.9,13,13.4,1884,0,47.9,347.69,Rooftop Garden,Western Suburbs,Andheri,7842.303955
19.21291516,73.0059756,32.9,Water,5819,0.07,0,86,1.5,Soil,868.7,26.2,0,0,921,0,40,0,Water Features,South Mumbai,Thane,19102.93236
19.11319373,72.91188982,37.1,Urban,24815,0.2,65,76,1.6,Asphalt,906.4,31.2,35,11,356,0.8,43.1,535.45,Water Features,South Mumbai,Powai,14825.5325
19.20870628,73.0121469,43.1,Vegetation,18908,0.09,14,90,2.7,Asphalt,900,35.6,0,0,3907,0.06,49.4,0,Water Features,Central Mumbai,Thane,14933.2185
19.12448333,72.8520326,32.9,Urban,38962,0.06,35,62,4.3,Water,712.1,25.8,30,0.5,2367,0.62,34.8,258.38,Water Features,Navi Mumbai,Andheri,19250.13625
19.05825917,72.82677405,26.2,Urban,5534,0.27,28,90,4.4,Soil,768.9,17.7,36,4.8,2711,0.71,30.8,489.59,Reflective Paint,South Mumbai,Bandra,7797.593492
19.11893366,72.91582808,30.8,Urban,16678,0.22,33,65,3.8,Grass,371.2,24,25,15,4096,0.19,33.5,401.47,Water Features,Eastern Suburbs,Powai,11529.82298
18.9086507,72.80797267,27,Urban,22431,0.22,28,53,1.7,Water,234.7,21.5,23,12.1,2839,0.73,30.6,353.99,Water Features,Central Mumbai,Colaba,25898.81663
19.24532915,72.84854865,34.5,Urban,42167,0.22,67,63,4,Grass,243.1,29.1,27,13.9,1438,0.59,36.8,245.8,Reflective Paint,Eastern Suburbs,Borivali,37511.8074
19.25005757,72.86436131,28.1,Urban,11960,0.08,51,87,4,Water,700.6,19.3,3,10.2,2178,0.96,32.8,597.35,None,Central Mumbai,Borivali,1742.91704
18.91748165,72.809305,35.4,Urban,5315,0.12,52,81,3.4,Concrete,825.9,29.4,46,14.9,1593,0.28,40.1,391.01,Rooftop Garden,Navi Mumbai,Colaba,37267.02255
19.22490431,73.00878321,26.4,Urban,45507,0.3,36,75,4.1,Asphalt,299.5,19.8,43,13.1,148,0.32,29.8,519.54,Water Features,Eastern Suburbs,Thane,39984.69579
19.20071429,72.96519699,33.9,Urban,49414,0.25,30,74,1.8,Soil,306.7,26.9,17,5.3,1090,1,39.5,218.97,None,Central Mumbai,Thane,5308.276203
18.91226347,72.80261557,30,Bare Soil,37006,0.24,35,66,2.7,Concrete,370.7,23.3,0,0,4666,0.39,33.9,0,Reflective Paint,Eastern Suburbs,Colaba,36226.1297
19.22900218,72.95494108,39.1,Urban,11876,0.16,80,71,2.9,Grass,533,31.1,20,11.6,229,0.35,43.3,376.99,Rooftop Garden,Eastern Suburbs,Thane,38552.23977
19.13594318,72.85673551,40.8,Urban,31268,0.23,88,62,2.1,Soil,264.5,34.1,24,13.5,3525,0.03,44.9,246.96,Reflective Paint,Central Mumbai,Andheri,14587.6504
18.90942743,72.81160084,29.4,Urban,13222,0.18,83,50,4.4,Concrete,763.1,23.1,20,3,1096,0.88,30,414.04,Reflective Paint,South Mumbai,Colaba,25519.83028
19.2501241,72.8513469,30.9,Urban,660,0.23,96,66,3.3,Grass,491.4,25.6,35,7.3,3983,0.55,34.2,511.06,Rooftop Garden,South Mumbai,Borivali,37944.01306
19.19915645,72.95888192,34.7,Urban,1115,0.28,20,89,4.5,Asphalt,373.5,27.7,29,15,1096,0.45,39.1,229.96,Reflective Paint,South Mumbai,Thane,12636.67148
19.12773686,72.83903753,35.3,Water,5055,0.11,0,65,2.2,Soil,220.9,27.8,0,0,183,0,39.6,0,None,South Mumbai,Andheri,14880.14871
19.05635089,72.82291426,36.9,Bare Soil,49885,0.22,37,84,4.1,Water,616.8,27.8,0,0,4274,0.48,41.2,0,Water Features,Eastern Suburbs,Bandra,8082.048256
18.91289572,72.8032854,39.5,Bare Soil,41024,0.15,11,78,1.9,Concrete,468.8,33,0,0,4275,0.89,45.4,0,Reflective Paint,South Mumbai,Colaba,16013.28156
19.05454938,72.83131632,34.7,Vegetation,49340,0.3,40,74,4.9,Asphalt,716.5,26,0,0,4415,0.57,37.2,0,Rooftop Garden,Eastern Suburbs,Bandra,15955.31877
19.12072768,72.84549573,35.7,Bare Soil,41540,0.26,45,56,1.9,Water,418.9,27,0,0,659,0.33,39.4,0,Water Features,Central Mumbai,Andheri,7475.917233
19.11893308,72.86092661,35.1,Urban,37474,0.23,13,76,3.1,Grass,233.2,29.3,20,0.3,2978,0.72,39.6,464.2,Reflective Paint,Western Suburbs,Andheri,1635.688763
19.20532079,72.94701127,37.3,Urban,23164,0.12,26,62,1.7,Water,770.5,32,27,9.1,1667,0.03,41.8,200.77,Water Features,Eastern Suburbs,Thane,13169.67127
19.24314908,72.86423815,29.6,Urban,20116,0.25,49,70,3.4,Asphalt,383.5,21.2,0,2.3,3447,0.94,33.2,424.62,Reflective Paint,Western Suburbs,Borivali,9658.52227
19.11124832,72.92812518,35.2,Vegetation,33757,0.29,69,63,2,Asphalt,881.2,26.3,0,0,2812,0.46,39.5,0,Rooftop Garden,Central Mumbai,Powai,16072.72544
19.19569484,72.9539851,44,Urban,11509,0.16,33,86,2.9,Water,270.4,35.2,31,6.2,4372,0.79,49.7,486.03,Reflective Paint,Eastern Suburbs,Thane,9735.503284
19.2390612,72.85939947,42.6,Vegetation,12245,0.2,72,90,4.4,Water,741.7,32.7,0,0,180,0.11,47.2,0,None,Navi Mumbai,Borivali,11043.96346
19.05355987,72.82617619,30.5,Bare Soil,22905,0.21,78,58,4.9,Grass,431.9,24.2,0,0,210,0.23,31.4,0,Reflective Paint,Western Suburbs,Bandra,20829.17682
19.18539515,72.96495357,34.8,Vegetation,22104,0.23,99,88,4.3,Concrete,315.1,26.4,0,0,4143,0.74,39.3,0,Water Features,Western Suburbs,Thane,20643.97854
19.18534426,72.97994689,25.1,Urban,2970,0.18,4,50,1.8,Concrete,792.6,17.9,37,9.1,3690,0.9,28.3,463.13,None,Eastern Suburbs,Thane,1576.930599
19.24542911,72.86076666,40.6,Bare Soil,21318,0.12,87,51,2.1,Soil,497.6,34,0,0,3313,0.71,43.6,0,Water Features,Central Mumbai,Borivali,14188.02603
19.04930977,72.84078099,38.6,Water,29026,0.14,0,78,3.4,Asphalt,850.7,32.6,0,0,4634,0,43,0,Water Features,Central Mumbai,Bandra,21810.77401
18.91079485,72.80817064,29.6,Bare Soil,12805,0.29,51,89,1.9,Water,567.7,21.4,0,0,381,0.87,36.6,0,Reflective Paint,Western Suburbs,Colaba,15712.32389
19.05783809,72.83782522,29.9,Urban,26922,0.29,12,65,1.6,Concrete,844.9,23.2,50,7,1917,0.7,34.8,309.71,None,Navi Mumbai,Bandra,16573.33314
18.90732887,72.80990101,28.6,Urban,38793,0.16,49,59,5,Asphalt,748.9,18.8,3,7.8,779,0.16,29.5,459.76,Rooftop Garden,Eastern Suburbs,Colaba,16917.65426
19.05692924,72.82675771,32.4,Vegetation,37369,0.15,60,86,4.4,Grass,841.7,24.7,0,0,4052,0.29,36.6,0,None,South Mumbai,Bandra,16654.40869
19.12906289,72.85759388,31.1,Urban,5934,0.07,15,79,3.8,Grass,457.4,21.6,46,3.6,648,0.31,35.2,408.93,Water Features,Eastern Suburbs,Andheri,8618.901767
19.2059277,72.94617433,34.7,Urban,13705,0.09,13,77,1.8,Grass,419.1,25.8,39,9.2,1462,0.66,40.6,291.66,Reflective Paint,Western Suburbs,Thane,12617.80212
19.1323261,72.84609766,36.7,Water,27967,0.13,0,78,3.9,Soil,870.1,30,0,0,4046,0,40.6,0,Rooftop Garden,Western Suburbs,Andheri,13311.15239
18.92089439,72.8086202,38.5,Urban,25677,0.22,17,68,5,Soil,459.2,30.1,42,1.2,3060,0.02,40.3,403.41,Water Features,South Mumbai,Colaba,23734.11534
19.24985483,72.85163729,35.5,Water,42768,0.24,0,50,2.4,Concrete,734.3,26.6,0,0,3498,0,38.1,0,Rooftop Garden,Navi Mumbai,Borivali,36693.97628
19.12229838,72.91844701,31.1,Urban,1228,0.11,53,83,3.7,Water,887.4,21.3,45,14.4,2991,0.29,35.7,405.26,Rooftop Garden,Eastern Suburbs,Powai,15771.55899
18.90567358,72.81649017,37.1,Urban,6180,0.12,1,78,1.3,Soil,896.9,31,12,9.7,4859,0.25,43.6,384.89,Water Features,Eastern Suburbs,Colaba,26271.71834
19.11525147,72.84448632,35,Urban,29608,0.18,51,79,3.6,Concrete,335,25.3,21,12.9,4330,0.14,39.3,583.34,Water Features,Eastern Suburbs,Andheri,23385.14457
19.12107959,72.91682026,30.4,Urban,41172,0.2,25,67,3,Grass,473.1,25.2,37,5.1,2253,0.89,34.1,292.93,Reflective Paint,Central Mumbai,Powai,7638.087022
19.0542408,72.84191346,32.3,Urban,31090,0.27,19,83,1.7,Soil,969,22.4,44,3,3164,0.81,38.9,374.71,Rooftop Garden,Central Mumbai,Bandra,10811.10817
18.91046203,72.80410574,25.1,Urban,44603,0.13,4,74,2.5,Asphalt,787.2,19.9,16,9.3,4060,0.53,30,594.06,Water Features,Central Mumbai,Colaba,16405.55277
19.25427947,72.84757457,29.7,Urban,48466,0.13,23,55,1.8,Concrete,738.9,20.7,38,13.6,1806,0.66,33.4,391.11,Water Features,Central Mumbai,Borivali,38332.15829
19.20560944,73.01326331,28.5,Urban,31485,0.25,32,88,1.8,Asphalt,304.3,22.7,9,9.3,2758,0.18,35.5,552.29,Reflective Paint,Navi Mumbai,Thane,18235.60731
19.1245356,72.83802659,30.4,Vegetation,21379,0.19,89,87,4.6,Soil,383,23.1,0,0,4313,0.09,34.5,0,None,South Mumbai,Andheri,20501.36774
19.19771182,73.0076196,40.6,Bare Soil,27909,0.09,82,82,4,Grass,369.4,33.7,0,0,2880,0.97,44.8,0,Reflective Paint,Central Mumbai,Thane,19592.38428
18.91551438,72.81213084,26.5,Urban,29810,0.1,46,75,4.4,Asphalt,807.7,16.6,9,3.3,4308,0.85,29.6,229.35,Rooftop Garden,Western Suburbs,Colaba,37405.23719
19.25496329,72.86475996,36.5,Vegetation,40557,0.27,81,57,1.8,Asphalt,778.1,27.4,0,0,4037,0.95,40.4,0,Water Features,Central Mumbai,Borivali,37980.65667
19.21384098,72.9458657,28.6,Vegetation,29014,0.16,66,62,4.6,Soil,483.8,19.1,0,0,4015,0.92,30.2,0,None,South Mumbai,Thane,9666.623386
19.2537685,72.84718033,40.9,Urban,3378,0.12,27,52,2.5,Soil,641.4,35.3,26,12.9,1372,0.26,43.6,234.3,Water Features,Western Suburbs,Borivali,11278.27702
19.21498517,72.95753372,44.8,Urban,42031,0.1,16,60,3.6,Water,289.9,39.1,23,14.6,1547,0.18,47.2,525.37,None,Navi Mumbai,Thane,12371.72747
18.91370881,72.81139574,27.5,Water,9466,0.26,0,90,3.3,Grass,405.7,20.4,0,0,3969,0,33.2,0,None,Eastern Suburbs,Colaba,36725.28581
19.12484529,72.92762351,29.8,Urban,42595,0.1,52,83,3.8,Asphalt,678.3,23.4,28,12.2,808,0.97,34.3,295.6,Water Features,Western Suburbs,Powai,26380.72316
19.21943126,72.987817,40.6,Water,3901,0.23,0,63,1.6,Water,935,32.9,0,0,3093,0,45.3,0,Reflective Paint,Eastern Suburbs,Thane,12235.5707
19.05356522,72.83818404,34.7,Bare Soil,45862,0.06,98,84,4.1,Concrete,346.8,27.4,0,0,1329,0.91,39,0,Reflective Paint,Eastern Suburbs,Bandra,24185.12396
19.2431185,72.84844538,38.7,Water,30454,0.16,0,78,3.9,Concrete,967.5,32.6,0,0,2433,0,42.6,0,None,Central Mumbai,Borivali,21010.13209
19.13426628,72.86187097,39.1,Bare Soil,43999,0.18,1,83,2.8,Soil,897.2,31.7,0,0,1368,0.7,44.6,0,Rooftop Garden,South Mumbai,Andheri,12131.77503
19.12059864,72.83728615,30.9,Urban,32827,0.06,31,54,4.1,Grass,969,24.4,8,7.4,2515,0.79,32.2,561.16,Water Features,South Mumbai,Andheri,2996.575659
19.22661148,72.96999939,27.5,Urban,11584,0.08,43,87,3,Asphalt,992.6,19,36,14.8,2891,0.91,33.2,324.7,Reflective Paint,South Mumbai,Thane,18236.40038
19.13938889,72.86439062,28.6,Urban,2017,0.12,53,87,1.2,Water,878.4,22.1,17,4,1732,0.35,36.1,437.44,Water Features,Eastern Suburbs,Andheri,14717.24672
19.24011699,72.85071696,36.3,Urban,46179,0.27,1,51,4.2,Water,266.8,29.3,14,0.2,2288,0.9,37.2,497.23,Reflective Paint,Eastern Suburbs,Borivali,11242.38748
19.13629209,72.85304671,39.1,Urban,31516,0.15,81,64,1.2,Asphalt,574.1,32.6,47,9.5,2538,0.77,44.3,561.49,Water Features,Central Mumbai,Andheri,11495.43919
19.11718544,72.92519255,29.8,Urban,41578,0.29,9,59,3,Soil,548.6,22.3,33,7.7,4472,0.13,32.7,411.02,Reflective Paint,Navi Mumbai,Powai,7879.753786
19.23508234,72.85021637,36.6,Urban,29095,0.07,35,84,2.3,Concrete,458.8,30.9,13,8.9,3658,0.52,42.7,461.73,Water Features,South Mumbai,Borivali,15248.12494
19.19799091,72.99221732,44.6,Urban,34296,0.23,16,66,3.3,Asphalt,276,36,3,7.9,1122,0.59,47.9,586.54,Reflective Paint,Navi Mumbai,Thane,15486.31435
19.12023823,72.84841957,41.4,Urban,47664,0.05,6,90,2.9,Asphalt,958,35.8,31,3.8,2766,0.22,47.5,545.89,None,South Mumbai,Andheri,17403.48374
19.24512091,72.85293754,32,Urban,40211,0.2,57,75,2.6,Water,297.2,22.3,11,4.3,2921,0.23,36.9,526.44,Reflective Paint,South Mumbai,Borivali,13831.96134
19.13341121,72.85651946,44.6,Urban,8103,0.11,31,51,2.1,Grass,221.2,36.6,3,2,3088,0.99,47.6,482.83,Reflective Paint,Eastern Suburbs,Andheri,12371.36869
19.11409124,72.84391306,44.2,Urban,36210,0.19,40,86,3.9,Asphalt,963.2,36.7,33,10.8,2443,0.18,48.9,542.29,Rooftop Garden,South Mumbai,Andheri,2516.516053
19.21734235,72.9710944,28.2,Urban,5247,0.23,23,86,3.4,Concrete,822.6,21.1,15,5.3,2966,0.16,33.4,315.08,Water Features,South Mumbai,Thane,17595.33455
18.91139244,72.81333815,44.6,Urban,21130,0.26,39,82,1.8,Asphalt,204.7,35,15,7,2369,0.9,51,320.04,Reflective Paint,South Mumbai,Colaba,37717.79274
19.06281639,72.84245242,30,Vegetation,45375,0.2,17,73,1.8,Concrete,623.3,23.2,0,0,923,0.57,35.5,0,Rooftop Garden,Central Mumbai,Bandra,17039.46878
19.249915,72.85064416,26.1,Urban,13604,0.28,25,74,2,Asphalt,995.5,17.6,7,10.6,2131,0.1,31.5,588.31,Reflective Paint,Navi Mumbai,Borivali,20728.60298
19.05748785,72.82024846,27.9,Water,32192,0.13,0,85,4.2,Concrete,407.1,18.1,0,0,2052,0,32.2,0,Rooftop Garden,Eastern Suburbs,Bandra,21539.16768
19.13405226,72.85281925,25.8,Vegetation,16329,0.25,81,90,1.4,Water,517.5,16.1,0,0,914,0.6,33.4,0,Rooftop Garden,Eastern Suburbs,Andheri,9141.988191
19.24776251,72.85050928,39.5,Urban,35864,0.2,23,87,1.4,Concrete,226.6,31,47,12,511,0.56,46.8,503.23,Rooftop Garden,Navi Mumbai,Borivali,12589.42772
19.13334019,72.85013375,30.1,Water,43824,0.09,0,69,4.1,Soil,245.6,23.9,0,0,2513,0,32.9,0,Rooftop Garden,Central Mumbai,Andheri,12665.96638
19.0601773,72.8215836,26,Urban,32110,0.1,95,50,1.1,Water,571.5,18.7,28,1.4,800,0.45,29.9,536.8,Water Features,South Mumbai,Bandra,8637.945145
19.06140936,72.83359538,42.6,Bare Soil,23638,0.17,5,60,2.5,Water,683.9,37.5,0,0,531,0.98,46.1,0,Reflective Paint,Navi Mumbai,Bandra,1271.619083
19.23551738,72.85897897,37,Urban,40265,0.13,5,79,4.8,Grass,938.5,30.4,42,12.3,4486,0.48,40.1,447.81,None,South Mumbai,Borivali,19456.79922
19.20587348,72.95634414,35.7,Water,34430,0.26,0,78,4.9,Water,352.8,29.1,0,0,1481,0,38.6,0,None,Western Suburbs,Thane,10751.192
19.25218495,72.85795019,40.4,Urban,14455,0.2,84,64,2.7,Asphalt,719,32.7,2,2,4268,0.46,44.1,257.39,Rooftop Garden,Western Suburbs,Borivali,11546.289
19.24002779,72.85618429,43.1,Vegetation,32903,0.22,91,56,4.8,Water,449.7,37.6,0,0,2143,0.77,43.9,0,Reflective Paint,Western Suburbs,Borivali,1358.483806
19.11308157,72.92721234,36.2,Urban,38337,0.07,20,51,1.2,Asphalt,439.6,27.7,13,8.4,1374,0.35,40.1,584.6,Rooftop Garden,Western Suburbs,Powai,15914.67365
19.04462546,72.83571416,35.6,Vegetation,32564,0.25,42,53,3.2,Asphalt,248.1,29.4,0,0,1383,0.51,37.7,0,None,South Mumbai,Bandra,12253.45243
19.1125227,72.92819027,43.7,Bare Soil,41617,0.14,77,65,4.7,Water,230.7,36.4,0,0,938,0.51,45.5,0,Rooftop Garden,Eastern Suburbs,Powai,12296.60122
19.25018811,72.86050569,41.2,Urban,38866,0.09,42,69,3.3,Grass,241.8,36,50,11.8,1377,0.76,44.8,477.26,Rooftop Garden,South Mumbai,Borivali,16819.59051
19.13948093,72.84450177,30.7,Vegetation,35149,0.16,25,83,4.2,Concrete,287.2,23.1,0,0,2602,0.94,34.8,0,Reflective Paint,Central Mumbai,Andheri,12369.70941
19.13689549,72.85626202,32,Water,46420,0.1,0,54,4.9,Concrete,932.9,22.6,0,0,1829,0,32.5,0,Water Features,Western Suburbs,Andheri,1269.903516
19.054229,72.82830519,25.7,Urban,16110,0.26,83,79,4.3,Grass,489.1,16.2,16,6.5,3722,0.94,29.3,407.33,Reflective Paint,South Mumbai,Bandra,9611.913389
18.91060215,72.81383441,38.3,Vegetation,31588,0.19,73,79,2.6,Soil,835.5,33.2,0,0,913,0.17,43.6,0,Rooftop Garden,Navi Mumbai,Colaba,15971.18353
18.90622291,72.80886794,32.5,Urban,7794,0.24,75,72,2.1,Soil,597.5,25.9,7,8,1617,0.39,37.6,420.14,None,Navi Mumbai,Colaba,713.2529134
19.06098968,72.8409549,36.1,Urban,12619,0.06,27,86,4.9,Asphalt,261.7,29.9,14,7.5,1259,0.88,39.8,223.61,Water Features,Eastern Suburbs,Bandra,17461.44831
19.22205134,72.95356999,28,Vegetation,506,0.19,70,58,1.7,Asphalt,798.9,23,0,0,4482,0.8,32.1,0,Rooftop Garden,South Mumbai,Thane,21406.00791
19.18960456,72.99157259,35.4,Urban,29340,0.11,49,83,4,Asphalt,883.3,28.4,33,9.8,111,0.98,39.7,258.77,None,South Mumbai,Thane,5373.228211
19.12084133,72.90925162,36.8,Vegetation,36241,0.08,0,65,3.9,Soil,547.6,27.8,0,0,4271,0.15,39.4,0,Rooftop Garden,Navi Mumbai,Powai,11529.41713
19.13368243,72.86364029,26.2,Bare Soil,21272,0.14,65,78,4.9,Concrete,595.8,19.9,0,0,3744,0.37,29.1,0,Reflective Paint,Eastern Suburbs,Andheri,5004.935705
19.23736942,72.85128823,43.3,Bare Soil,32673,0.22,51,76,4.4,Water,948.5,34.9,0,0,655,0.64,46.5,0,Rooftop Garden,South Mumbai,Borivali,11550.84701
19.11995579,72.86291686,29.6,Vegetation,5956,0.29,46,78,3.5,Grass,326.6,20.2,0,0,1,0.56,33.9,0,Rooftop Garden,South Mumbai,Andheri,13054.43283
19.24913095,72.85249187,27,Urban,24858,0.07,21,70,2.9,Water,832,17.6,8,5.1,4205,0.48,31.1,424.35,Rooftop Garden,Central Mumbai,Borivali,14340.92934
18.9097197,72.80835522,42.9,Urban,14021,0.3,50,63,1.4,Soil,296,35.2,12,9.4,221,0.6,47.8,309.52,None,South Mumbai,Colaba,37856.51216
19.05654216,72.82756542,34.6,Bare Soil,26189,0.09,47,87,3.5,Water,389.4,29.3,0,0,7,0.52,39.8,0,None,Western Suburbs,Bandra,16377.46233
19.23521498,72.85416597,32.9,Urban,46108,0.11,34,70,2.5,Grass,937.3,26.6,19,4.2,2431,1,37.4,360.12,Water Features,Central Mumbai,Borivali,19974.96688
19.21207215,73.00902127,41.7,Urban,24117,0.2,34,65,4.6,Soil,382.5,32.8,13,12,924,0.4,43.6,318.16,Water Features,South Mumbai,Thane,16483.40645
18.90886532,72.80229786,40.5,Urban,21195,0.07,13,67,3.8,Grass,919.9,31.8,43,14.8,686,0.03,43.4,344.22,Rooftop Garden,Western Suburbs,Colaba,39998.63522
19.06032955,72.82170386,35.4,Vegetation,27922,0.06,34,70,2.4,Water,949,28.4,0,0,2547,0.94,40,0,Reflective Paint,Central Mumbai,Bandra,16889.93521
19.19590343,72.96683023,30.5,Urban,12657,0.08,25,55,1.3,Soil,519.8,22.2,32,0.1,85,0.47,34.7,395.83,Water Features,Western Suburbs,Thane,21409.21492
19.20027148,72.98094999,33.2,Water,470,0.24,0,57,1.8,Asphalt,644.3,28.1,0,0,2626,0,37.1,0,None,Central Mumbai,Thane,1561.668755
18.92049601,72.81442886,38,Urban,10983,0.26,47,81,3.1,Water,209.5,32,12,2.2,4421,0.12,43,301.22,Rooftop Garden,Central Mumbai,Colaba,35584.85798
19.11971257,72.90698344,35.2,Vegetation,1672,0.2,64,50,4.4,Water,782.7,27.8,0,0,2190,0.39,35.8,0,None,Eastern Suburbs,Powai,24108.63669
19.24780831,72.847925,30.5,Water,27725,0.29,0,81,2.6,Water,218.3,23,0,0,2066,0,36,0,Rooftop Garden,South Mumbai,Borivali,15480.31778
18.91382722,72.81468754,44.6,Water,3796,0.25,0,80,2,Water,509.8,39.1,0,0,4857,0,50.6,0,None,Eastern Suburbs,Colaba,37134.49618
18.91776915,72.81021323,26.4,Vegetation,33067,0.16,0,80,1.8,Water,646.7,20.6,0,0,1379,0.16,32.6,0,Reflective Paint,Western Suburbs,Colaba,642.3050237
19.11313645,72.84511933,41.2,Urban,27633,0.26,17,70,4.2,Grass,284.7,35.6,35,9,3813,0.26,44,245.19,Water Features,Eastern Suburbs,Andheri,21935.68273
19.21166635,72.97231265,39.9,Urban,21106,0.08,95,75,2.2,Soil,260.8,33.4,16,7,1776,0.54,45.2,303.15,Rooftop Garden,Western Suburbs,Thane,17261.62219
19.13021432,72.84209294,40.6,Bare Soil,2043,0.28,69,77,1.1,Concrete,875.5,35.3,0,0,1124,0.28,47.2,0,Water Features,Central Mumbai,Andheri,16398.22152
18.91401209,72.80745127,36.3,Bare Soil,6769,0.18,90,76,2.4,Soil,552.2,26.7,0,0,3133,0.79,41.5,0,Reflective Paint,South Mumbai,Colaba,24208.21987
19.11018013,72.92432871,42.8,Urban,47096,0.08,6,67,3.2,Asphalt,388.2,36.1,39,8.9,2008,0.87,46.3,599.39,Water Features,Navi Mumbai,Powai,24958.59924
19.24925368,72.86671713,43.5,Urban,31950,0.27,51,71,3.9,Asphalt,702.5,37.9,7,8.2,4382,0.58,46.7,496.98,Water Features,Navi Mumbai,Borivali,16544.25665
19.06061408,72.82631459,39,Vegetation,49408,0.13,99,75,1.2,Asphalt,353,33.3,0,0,4573,0.92,45.3,0,Rooftop Garden,Eastern Suburbs,Bandra,21309.39745
18.91273667,72.81568107,44.4,Vegetation,36099,0.13,0,57,4.1,Soil,536.9,36.1,0,0,3279,0.13,46,0,None,Navi Mumbai,Colaba,16407.08518
18.90915928,72.81704309,30.9,Urban,46217,0.19,82,72,1.5,Concrete,257.1,21.9,4,8.9,64,0.41,36.6,440.04,Rooftop Garden,Navi Mumbai,Colaba,421.1794166
19.11766067,72.86078595,26.6,Vegetation,2066,0.11,70,82,4.7,Grass,965.1,17.8,0,0,2471,0.26,30.1,0,Rooftop Garden,Central Mumbai,Andheri,23534.49076
19.24294064,72.8553308,28.1,Water,7099,0.11,0,52,4.2,Soil,813,21.6,0,0,1355,0,29.1,0,None,Navi Mumbai,Borivali,13879.63492
19.11970544,72.92684523,30.1,Urban,13946,0.3,1,66,3.8,Asphalt,314,21.9,27,2.9,4228,0.89,32.9,589.34,Reflective Paint,Eastern Suburbs,Powai,15577.69401
18.90790414,72.8091584,42.9,Urban,35750,0.27,71,90,2.8,Grass,655.1,34.1,36,9.2,3798,0.35,49.1,328.82,Reflective Paint,Western Suburbs,Colaba,26517.54129
19.12397,72.84458948,38.1,Urban,5404,0.05,79,60,2.6,Water,521.1,29.1,27,10.2,862,0.93,41.5,543.69,None,Navi Mumbai,Andheri,24205.96996
19.05307388,72.84049436,44.9,Urban,38853,0.26,75,53,3.9,Concrete,426.2,38.6,42,11.4,4680,0.14,46.3,395.66,Water Features,Eastern Suburbs,Bandra,7859.537099
19.1123318,72.86160631,33.1,Vegetation,12879,0.08,97,73,4.7,Grass,279.5,26.9,0,0,3660,0.89,35.7,0,Reflective Paint,Central Mumbai,Andheri,6925.513317
19.13826732,72.83528207,32.6,Vegetation,32896,0.17,95,83,3.9,Grass,697.9,24.1,0,0,4362,0.99,37,0,Water Features,Eastern Suburbs,Andheri,3989.110626
19.13568662,72.85151586,42.6,Urban,11924,0.09,30,62,4,Concrete,453.4,34.6,35,11.2,746,0.29,44.8,331.42,Rooftop Garden,Central Mumbai,Andheri,1731.610179
18.9074321,72.81565207,40.9,Water,22693,0.27,0,64,4.7,Concrete,299.3,35.3,0,0,1852,0,42.6,0,Water Features,South Mumbai,Colaba,25546.57997
19.12488838,72.90766194,27.2,Urban,9260,0.06,76,77,1.2,Concrete,265.8,19.3,3,0.7,4919,0.54,33.7,353.32,Reflective Paint,Eastern Suburbs,Powai,25946.81394
18.91443411,72.81445092,30.7,Vegetation,41938,0.13,89,60,3.7,Soil,612.4,21.4,0,0,2049,0.29,33,0,Reflective Paint,Eastern Suburbs,Colaba,25278.19871
19.04841424,72.82447809,27.5,Bare Soil,8034,0.19,99,77,4.9,Asphalt,218.5,17.5,0,0,3655,0.69,30.3,0,Reflective Paint,Eastern Suburbs,Bandra,14868.04934
19.24700078,72.84848751,38.5,Urban,38721,0.27,85,61,2,Water,858.5,29.6,4,12.9,1506,0.96,42.6,329.21,Reflective Paint,Central Mumbai,Borivali,22126.93523
19.06098741,72.82282757,33.7,Urban,24037,0.19,32,60,1.1,Grass,958.9,26.3,2,4.2,1589,0.85,38.6,514.42,Water Features,South Mumbai,Bandra,20766.72434
19.12167367,72.90988055,31.3,Urban,3060,0.09,19,56,3.2,Grass,529.3,26.2,35,2.5,4438,0.15,33.7,320.36,Reflective Paint,Navi Mumbai,Powai,11359.96943
19.22738137,73.01282927,43.5,Urban,25756,0.26,39,59,4.1,Concrete,577.1,37.5,43,5,4872,0.99,45.3,435.72,Rooftop Garden,Western Suburbs,Thane,15942.75002
19.12064898,72.91781315,41.7,Urban,1618,0.22,24,61,4.8,Water,704.5,35.3,27,4.6,2314,0.09,43,343.37,Rooftop Garden,Navi Mumbai,Powai,15474.6842
19.20630279,72.95278212,26.4,Urban,23553,0.23,57,78,4,Asphalt,810.7,16.4,19,0,3568,0.27,30.2,499.4,Water Features,Navi Mumbai,Thane,10169.88214
19.05801152,72.84175624,42.1,Bare Soil,42518,0.11,92,83,2.5,Asphalt,768.5,33.4,0,0,2454,0.52,47.9,0,Water Features,South Mumbai,Bandra,20146.75768
19.20400302,72.95133387,42.1,Vegetation,6166,0.14,55,61,2.4,Asphalt,882.9,33.9,0,0,1944,0.94,45.8,0,Rooftop Garden,Western Suburbs,Thane,19851.05966
19.24221258,72.85386199,29.8,Urban,13584,0.14,77,78,3.4,Grass,234.4,20.7,38,10.7,3520,0.96,34.2,275.82,None,Central Mumbai,Borivali,11087.68225
19.13280396,72.86341444,25.3,Water,39694,0.09,0,83,4.2,Soil,963.3,18.6,0,0,3621,0,29.4,0,Water Features,Western Suburbs,Andheri,12152.51248
19.12056476,72.84280189,38.6,Urban,5695,0.19,51,69,3.8,Water,385.4,33.4,44,9,4687,0.69,41.7,472.97,None,Western Suburbs,Andheri,2557.087981
19.11070593,72.91648372,36.5,Urban,32082,0.2,2,73,2.9,Concrete,999.2,26.9,46,3,1321,0.63,40.9,572.49,Rooftop Garden,Navi Mumbai,Powai,7829.164792
19.2386879,72.85737593,29.9,Bare Soil,38770,0.26,28,57,1.3,Water,923.8,24.8,0,0,265,0.83,34.3,0,None,South Mumbai,Borivali,15470.99253
19.24145272,72.85762122,38.1,Bare Soil,22951,0.11,33,60,1.8,Concrete,979.9,31.2,0,0,3344,0.79,42.3,0,Rooftop Garden,Navi Mumbai,Borivali,307.1359561
18.90854812,72.80587067,41.4,Urban,25915,0.1,95,67,2.3,Water,759.3,33.8,31,0.4,1986,0.53,45.8,438.38,Reflective Paint,South Mumbai,Colaba,37250.51903
19.23522625,72.85937915,36.4,Vegetation,11388,0.25,48,67,1.3,Asphalt,886.9,26.5,0,0,4441,0.99,41.8,0,Water Features,Western Suburbs,Borivali,36596.85545
19.13557793,72.84080361,42.2,Urban,41636,0.23,17,85,2.3,Water,806.1,32.5,50,8.6,860,0.37,48.4,222.42,None,Eastern Suburbs,Andheri,11202.17949
19.11137759,72.83885349,36.5,Urban,4913,0.19,49,77,3.1,Soil,329.1,31.2,9,0.3,588,0.09,41.1,471.23,None,Eastern Suburbs,Andheri,2686.66799
19.23875975,72.86353017,26.1,Urban,46085,0.28,23,87,2.4,Water,461.3,17,48,12,3592,0.97,32.4,390.31,Reflective Paint,South Mumbai,Borivali,14337.35783
19.11468482,72.92774602,31.8,Urban,6373,0.1,69,68,1.4,Water,853.6,23.8,22,5,1366,0.44,37.2,579.18,None,Navi Mumbai,Powai,15305.3211
19.12430089,72.90879249,31.7,Urban,8013,0.07,97,51,1.4,Soil,251.9,25.2,29,3.4,468,0.69,35.4,466.37,Reflective Paint,Western Suburbs,Powai,2260.521979
19.11278221,72.92969458,41.5,Urban,13561,0.23,2,62,1.5,Soil,475.1,34.5,8,11.1,3168,1,46.2,220.72,None,Western Suburbs,Powai,2542.140344
18.91397682,72.80630699,31.7,Vegetation,15608,0.29,55,70,1.7,Soil,288.5,24.9,0,0,4628,0.81,37,0,Reflective Paint,Eastern Suburbs,Colaba,25554.47353
19.20700749,72.95484912,38.8,Urban,20553,0.07,5,67,4.4,Asphalt,448.5,32.7,14,9.3,3763,0.57,41.1,303.68,Reflective Paint,Western Suburbs,Thane,36007.77927
19.11185833,72.92704944,29,Water,15782,0.08,0,85,1.2,Asphalt,548.4,21,0,0,1174,0,36.3,0,None,Western Suburbs,Powai,10930.86025
19.0608091,72.84435025,44.7,Water,25622,0.18,0,67,4.4,Concrete,987.7,39,0,0,3606,0,47,0,None,South Mumbai,Bandra,10376.64798
19.12931612,72.83792821,43.2,Vegetation,13132,0.22,46,82,1.6,Water,352.9,35.2,0,0,1953,0.89,49.8,0,Water Features,Central Mumbai,Andheri,7613.315369
19.23666514,72.86484528,30.7,Urban,43984,0.23,54,64,5,Asphalt,843.2,21.1,44,5.9,3393,0.91,32.1,549.91,Rooftop Garden,Western Suburbs,Borivali,12215.50643
19.19353445,72.96974514,29.5,Bare Soil,1313,0.17,47,59,1,Grass,842.1,23,0,0,2444,0.68,34.4,0,Rooftop Garden,Western Suburbs,Thane,12019.72837
19.25160176,72.85555392,29.2,Bare Soil,2202,0.2,19,58,4.5,Grass,534,22.9,0,0,4279,0.36,30.5,0,Reflective Paint,Eastern Suburbs,Borivali,13619.55488
18.90695672,72.81300168,36.4,Bare Soil,39539,0.08,29,89,3.6,Water,512.8,30.6,0,0,906,0.33,41.7,0,None,South Mumbai,Colaba,38411.74644
19.11205131,72.92314895,35.2,Vegetation,30664,0.1,91,58,3.5,Water,499.2,25.3,0,0,2172,0.28,37.5,0,Water Features,Western Suburbs,Powai,25492.88186
19.25458325,72.84768769,28.3,Water,30688,0.15,0,85,2.2,Water,792.4,18.9,0,0,3842,0,34.6,0,Water Features,South Mumbai,Borivali,17661.25997
19.25138313,72.85623529,39.9,Vegetation,19751,0.17,60,61,4.5,Water,779.8,30.7,0,0,930,0.08,41.5,0,None,Eastern Suburbs,Borivali,965.9249483
19.11162197,72.92580866,41.9,Urban,35210,0.15,6,54,2,Water,560.9,34.1,2,2.5,280,0.08,45.3,521.32,Water Features,Navi Mumbai,Powai,17114.04895
19.23898009,72.85261668,44.3,Urban,8371,0.13,77,61,2.3,Soil,567.4,34.8,20,9.7,2350,0.89,48.1,210.14,None,Central Mumbai,Borivali,16062.80518
19.25289978,72.8600064,34.4,Vegetation,3056,0.18,1,79,1.8,Soil,866.2,28.1,0,0,3276,0.22,40.5,0,Rooftop Garden,Central Mumbai,Borivali,1725.632029
19.23453077,72.9593643,43,Urban,9432,0.07,85,77,4.7,Water,390.6,33.7,9,12.7,1153,0.18,46,242.47,Rooftop Garden,Navi Mumbai,Thane,10642.32403
19.24288257,72.84935985,30,Vegetation,43386,0.08,17,81,4.4,Water,812.8,21.9,0,0,2809,0.52,33.7,0,Reflective Paint,Central Mumbai,Borivali,11602.86279
19.05650661,72.82186043,37.7,Vegetation,30512,0.15,53,61,1.1,Grass,245.7,30.9,0,0,3896,0.64,42.7,0,Water Features,Central Mumbai,Bandra,20832.50909
18.91647344,72.81723787,34.5,Vegetation,11217,0.22,94,56,3.7,Water,469.3,29.2,0,0,4113,0.78,36.4,0,Water Features,Western Suburbs,Colaba,15508.1799
19.20490112,72.97874294,40.5,Vegetation,34927,0.19,15,62,1,Soil,544.2,33.9,0,0,2590,0.76,45.7,0,Rooftop Garden,South Mumbai,Thane,36170.30011
19.04641489,72.82775112,27.2,Vegetation,5848,0.21,46,51,1.6,Asphalt,666.4,22,0,0,1096,0.52,30.7,0,Water Features,Navi Mumbai,Bandra,23667.36447
19.05525104,72.82658997,31.4,Vegetation,10115,0.27,35,82,4.1,Water,285.2,24.4,0,0,3239,0.49,35.5,0,Water Features,Navi Mumbai,Bandra,985.7032087
19.11725316,72.91028582,30.9,Urban,25705,0.29,94,90,2.7,Soil,481.8,21.9,19,12.9,4837,0.8,37.2,324.49,None,Western Suburbs,Powai,11166.18284
19.060813,72.83947648,37.1,Urban,4165,0.24,20,56,1.8,Water,383.4,29.7,33,1.4,779,0.01,40.9,210.24,None,Central Mumbai,Bandra,9724.160826
19.19934199,72.97390615,35,Water,35933,0.26,0,58,1.2,Soil,809.8,26.8,0,0,4418,0,39.6,0,Rooftop Garden,Eastern Suburbs,Thane,20860.81983
18.91381516,72.81386952,28.2,Water,2946,0.3,0,77,1.7,Water,875.1,19.5,0,0,2011,0,34.2,0,Reflective Paint,Eastern Suburbs,Colaba,35814.41576
18.9137441,72.80851585,25.4,Urban,8314,0.24,14,77,4.2,Soil,289.1,18.5,14,2.4,168,0.1,28.9,443.59,Rooftop Garden,Western Suburbs,Colaba,564.0434074
19.19721628,72.97930969,39,Vegetation,21828,0.07,56,51,1.3,Water,931.2,29.9,0,0,188,0.57,42.8,0,None,Navi Mumbai,Thane,36163.23093
19.11612605,72.85819812,38.1,Bare Soil,36729,0.15,6,88,4,Water,394.6,32.1,0,0,1185,0.09,42.9,0,None,Western Suburbs,Andheri,15584.67797
19.11874948,72.92989992,34.6,Urban,47111,0.23,52,50,1.7,Water,242.3,24.6,19,6.6,1138,0.56,37.9,581.68,Reflective Paint,Navi Mumbai,Powai,7549.900875
19.11965461,72.92426397,32.5,Water,5250,0.13,0,60,1.6,Soil,669.3,26.2,0,0,2067,0,36.9,0,Water Features,Central Mumbai,Powai,601.4011434
19.04750919,72.83332922,33.5,Water,9886,0.06,0,64,1.6,Soil,365.3,27.8,0,0,2107,0,38.3,0,Reflective Paint,Central Mumbai,Bandra,12464.32428
19.12023166,72.90518912,41,Water,24258,0.18,0,76,1.5,Asphalt,421.2,31.8,0,0,304,0,47.1,0,Reflective Paint,Western Suburbs,Powai,11044.97563
19.23531675,72.84720337,37.7,Urban,20140,0.13,52,69,2.3,Soil,446.6,28.6,39,5.1,1251,0.62,42.3,204.33,Rooftop Garden,South Mumbai,Borivali,14123.92996
19.2265852,72.9604228,37.5,Urban,35939,0.27,7,59,1.7,Soil,431.9,29.9,49,6.6,4510,0.29,41.7,466.97,Reflective Paint,Eastern Suburbs,Thane,11943.73019
19.20268221,73.00549497,41.2,Bare Soil,48317,0.2,16,70,3,Concrete,748.1,35,0,0,105,0.35,45.2,0,None,Navi Mumbai,Thane,5428.165193
19.1252612,72.85240243,30.4,Vegetation,44825,0.3,33,60,3.1,Asphalt,569.3,22.1,0,0,1771,0.15,33.3,0,Water Features,Western Suburbs,Andheri,18241.99658
19.05821536,72.82080093,39.6,Vegetation,34826,0.16,20,80,4.5,Asphalt,637.4,31.1,0,0,143,0.88,43.1,0,Water Features,South Mumbai,Bandra,8132.542279
19.11104672,72.91638069,28.9,Urban,37060,0.12,21,74,2.7,Concrete,921.4,22.2,42,0.5,4399,0.48,33.6,466.4,Reflective Paint,South Mumbai,Powai,11635.1638
18.91338104,72.81591972,40.1,Urban,15246,0.13,58,61,2.4,Soil,509.7,30.3,10,6.5,3045,1,43.8,245.08,Rooftop Garden,Western Suburbs,Colaba,24302.44303
19.12357173,72.9084721,25.1,Urban,3557,0.08,23,52,3.8,Soil,812.4,17.1,25,13.2,3663,0.5,26.5,267.55,Water Features,Eastern Suburbs,Powai,25224.47107
18.91355934,72.80756726,30.7,Vegetation,12950,0.24,46,72,4.3,Concrete,526.7,25.3,0,0,2406,0.08,33.6,0,None,Central Mumbai,Colaba,25559.06304
19.06386481,72.82082134,26.1,Urban,35741,0.3,56,74,4.7,Grass,979.9,20.8,27,6.7,593,0.75,28.8,202.57,Reflective Paint,South Mumbai,Bandra,16696.03704
19.05617771,72.83068388,28.8,Urban,33172,0.28,16,88,4.1,Asphalt,778.5,21.8,13,11.9,823,0.01,33.5,419.72,Reflective Paint,Central Mumbai,Bandra,1342.251856
19.12923139,72.86280785,34.6,Vegetation,35410,0.12,67,81,3.1,Soil,652.6,24.6,0,0,262,0.83,39.6,0,Reflective Paint,Western Suburbs,Andheri,8764.707904
19.11476863,72.85272715,36.6,Urban,43566,0.05,75,73,4.5,Asphalt,746.8,31.1,32,8.2,2341,0.7,39.4,278.26,Rooftop Garden,Navi Mumbai,Andheri,1920.403548
19.24333685,72.85275419,31.5,Urban,24627,0.22,39,50,2.5,Concrete,405.8,24.7,21,4.5,3315,0.55,34,458.93,Rooftop Garden,Eastern Suburbs,Borivali,14231.75981
19.06198959,72.84482688,26.9,Urban,18229,0.25,82,55,4,Water,807.5,21.2,39,9.5,2804,0.02,28.4,285.28,Water Features,South Mumbai,Bandra,20091.34952
19.04984177,72.84008476,28.1,Urban,43904,0.21,70,73,3.8,Grass,533.7,22,31,7.3,2345,0.04,31.6,341.23,Rooftop Garden,Western Suburbs,Bandra,1434.326524
19.126297,72.8534529,31,Bare Soil,41143,0.29,30,70,1.8,Asphalt,851.5,22.1,0,0,1653,0.1,36.2,0,Water Features,Central Mumbai,Andheri,8579.198286
19.04700983,72.82319006,27.5,Vegetation,48922,0.25,62,75,1.7,Grass,529.1,19.7,0,0,559,0.75,33.3,0,None,Navi Mumbai,Bandra,9336.516376
18.90704781,72.81643029,33.1,Urban,34956,0.17,73,57,2.2,Soil,362.7,25.4,10,4.7,1713,0.27,36.6,457.86,None,South Mumbai,Colaba,15508.99269
19.11979088,72.9110168,38.7,Urban,21048,0.1,52,90,3.3,Asphalt,328.9,32.9,31,9.8,2554,0.19,44.4,202.72,Water Features,South Mumbai,Powai,25568.05313
19.25098725,72.85174543,34.6,Urban,9199,0.24,10,89,1.9,Asphalt,567.7,25.5,40,10.1,490,0.03,41.6,428.68,Rooftop Garden,South Mumbai,Borivali,15804.09626
18.91138053,72.8170988,43.8,Urban,37416,0.14,74,58,2.4,Water,302.8,36.8,10,1.1,2021,0.41,47.2,399.15,None,South Mumbai,Colaba,37768.52078
19.11041192,72.84820106,40.7,Urban,36323,0.23,19,67,2.8,Soil,923.2,31.3,7,12.3,2848,0.21,44.6,306.35,Rooftop Garden,Central Mumbai,Andheri,22273.25381
18.90735324,72.80941434,38.6,Urban,41044,0.22,76,68,4.2,Asphalt,425.7,29.9,22,2.2,4438,0.53,41.2,329.63,Rooftop Garden,Eastern Suburbs,Colaba,22844.96837
19.06074727,72.84413784,40.3,Urban,14421,0.28,68,72,4.6,Asphalt,937.1,32.2,17,6.5,3070,0.79,42.9,384.77,Reflective Paint,Central Mumbai,Bandra,17368.71264
18.9058724,72.8173588,32,Vegetation,20038,0.3,33,84,4.5,Grass,665.9,24.7,0,0,4843,0.03,35.9,0,Rooftop Garden,Central Mumbai,Colaba,17373.7629
19.11447543,72.91048393,41.8,Urban,12771,0.11,30,63,4.7,Grass,266.6,32.6,43,7.3,1813,0.67,43.4,460.3,Water Features,Navi Mumbai,Powai,25086.13972
18.91355241,72.8071464,31.8,Water,1380,0.17,0,51,1.1,Asphalt,484.7,22.9,0,0,2409,0,35.8,0,Water Features,Navi Mumbai,Colaba,24759.09867
18.90763485,72.81251371,41.8,Bare Soil,35219,0.22,93,80,2.7,Soil,935.2,32,0,0,4923,0.57,47.1,0,Rooftop Garden,Navi Mumbai,Colaba,865.3145298
18.91862067,72.80219095,32,Water,45796,0.13,0,57,2.6,Soil,971.7,26.6,0,0,3070,0,35.1,0,Water Features,Central Mumbai,Colaba,1631.354238
19.13551418,72.84484303,35.9,Urban,33109,0.13,2,77,5,Asphalt,335.7,27.9,23,1.5,1290,0.56,38.6,284.2,Reflective Paint,South Mumbai,Andheri,24424.74337
18.91581863,72.80704146,33.8,Vegetation,36623,0.25,75,79,1.4,Asphalt,359.4,25,0,0,2874,0.93,40.3,0,None,Navi Mumbai,Colaba,24642.0889
19.06195714,72.84345163,41.1,Vegetation,16130,0.06,49,60,2.9,Water,360.5,35.6,0,0,645,0.19,44.2,0,None,Navi Mumbai,Bandra,16624.48861
18.90999061,72.80805927,26.4,Urban,4853,0.18,48,63,2.4,Asphalt,472.6,19.9,45,13,4364,0.44,30.3,431.25,Reflective Paint,Central Mumbai,Colaba,17229.36482
19.21618406,72.99953889,41.1,Urban,1703,0.3,2,62,4.1,Water,265.7,33.1,10,6.6,259,0.61,43.2,536.74,Water Features,Central Mumbai,Thane,39432.63476
18.92040947,72.8139165,39,Urban,44133,0.26,52,88,2.7,Soil,783.5,33.4,28,6.8,2377,0.66,45.1,208.05,None,Navi Mumbai,Colaba,38126.0187
19.21413783,72.94871956,35.9,Bare Soil,5374,0.28,72,83,2.1,Grass,227.7,28,0,0,2700,0.84,42.1,0,Water Features,Western Suburbs,Thane,35474.42021
19.1219137,72.85462317,27.5,Urban,16319,0.13,88,73,4.8,Soil,204.9,22.4,43,4.3,1817,0.23,30,440.5,Reflective Paint,Western Suburbs,Andheri,14218.9842
